{"cameraMode":{"drawMode":0,"name":"Shaded","section":"Shading Mode"},"sceneLighting":false,"audioPlay":false,"sceneViewState":{"m_AlwaysRefresh":false,"showFog":true,"showSkybox":false,"showFlares":true,"showImageEffects":true,"showParticleSystems":true,"showVisualEffectGraphs":true,"m_FxEnabled":true},"in2DMode":false,"pivot":{"x":-0.14890450239181519,"y":2.34702205657959,"z":1.018463134765625},"rotation":{"x":-0.2028898000717163,"y":-0.006917119957506657,"z":0.0010736340191215277,"w":-0.9791765809059143},"size":5.866400241851807,"orthographic":false}