{"cameraMode":{"drawMode":0,"name":"Shaded","section":"Shading Mode"},"sceneLighting":false,"audioPlay":false,"sceneViewState":{"m_AlwaysRefresh":false,"showFog":true,"showSkybox":false,"showFlares":true,"showImageEffects":true,"showParticleSystems":true,"showVisualEffectGraphs":true,"m_FxEnabled":true},"in2DMode":false,"pivot":{"x":3.5464446544647219,"y":-2.9082179069519045,"z":11.917558670043946},"rotation":{"x":-0.17815819382667542,"y":0.11249291896820069,"z":-0.020506028085947038,"w":-0.9773370623588562},"size":12.576664924621582,"orthographic":false}