{"cameraMode":{"drawMode":0,"name":"Shaded","section":"Shading Mode"},"sceneLighting":false,"audioPlay":false,"sceneViewState":{"m_AlwaysRefresh":false,"showFog":true,"showSkybox":false,"showFlares":true,"showImageEffects":true,"showParticleSystems":true,"showVisualEffectGraphs":true,"m_FxEnabled":true},"in2DMode":false,"pivot":{"x":3.9017763137817385,"y":-0.03494858741760254,"z":9.183038711547852},"rotation":{"x":-0.16315849125385285,"y":0.22340987622737885,"z":-0.03796100616455078,"w":-0.9602257013320923},"size":8.069411277770996,"orthographic":false}